{
    "Yos, Pier": {
        "AWS": 100.0,
        "Hibernate": 91.25,
        "JSP": 92.30666666666667,
        "Java": 67.54666666666667,
        "JavaScript": 86.02333333333333,
        "REST": 76.47,
        "SOAP": 76.47,
        "SQL": 100.99000000000001,
        "Spring": 88.52000000000001
    },
    "Ali, Fareed": {
        "AWS": 50.0,
        "Hibernate": 45.375,
        "JSP": 70.51333333333334,
        "Java": 70.66666666666667,
        "JavaScript": 64.28666666666668,
        "REST": 65.88,
        "SOAP": 65.88,
        "SQL": 89.15,
        "Spring": 85.185
    },
    "Gluskin, Igor": {
        "AWS": 100.0,
        "Hibernate": 91.25,
        "JSP": 90.59666666666668,
        "Java": 74.59666666666668,
        "JavaScript": 86.24333333333334,
        "REST": 77.65,
        "SOAP": 77.65,
        "SQL": 96.225,
        "Spring": 88.89
    },
    "Montesdeoca, Denise": {
        "AWS": 100.0,
        "Hibernate": 69.25,
        "JSP": 67.35000000000001,
        "Java": 61.879999999999995,
        "JavaScript": 78.63333333333334,
        "REST": 81.18,
        "SOAP": 81.18,
        "SQL": 73.21000000000001,
        "Spring": 84.505
    },
    "Connelly, Sean": {
        "AWS": 80.0,
        "Hibernate": 69.25,
        "JSP": 62.13666666666666,
        "Java": 64.95333333333333,
        "JavaScript": 69.29333333333334,
        "REST": 82.35,
        "SOAP": 82.35,
        "SQL": 68.725,
        "Spring": 84.815
    },
    "Khawaja, Ateeb": {
        "AWS": 100.0,
        "Hibernate": 96.25,
        "JSP": 96.58,
        "Java": 89.43,
        "JavaScript": 93.47333333333334,
        "REST": 91.76,
        "SOAP": 91.76,
        "SQL": 104.055,
        "Spring": 94.075
    },
    "Duong, Jack": {
        "AWS": 100.0,
        "Hibernate": 84.25,
        "JSP": 82.30666666666667,
        "Java": 53.43000000000001,
        "JavaScript": 83.70333333333333,
        "REST": 68.24,
        "SOAP": 68.24,
        "SQL": 95.755,
        "Spring": 86.295
    },
    "Liu, Daniel": {
        "AWS": 100.0,
        "Hibernate": 80.625,
        "JSP": 80.51333333333334,
        "Java": 63.26333333333334,
        "JavaScript": 78.07666666666667,
        "REST": 74.12,
        "SOAP": 74.12,
        "SQL": 91.7,
        "Spring": 89.815
    },
    "Peralta, Yanilda": {
        "AWS": 100.0,
        "Hibernate": 75.5,
        "JSP": 74.78666666666668,
        "Java": 67.28666666666668,
        "JavaScript": 78.37,
        "REST": 70.59,
        "SOAP": 70.59,
        "SQL": 77.735,
        "Spring": 83.025
    },
    "Cartagena, Michael": {
        "AWS": 85.0,
        "Hibernate": 77.5,
        "JSP": 81.36666666666666,
        "Java": 57.23666666666667,
        "JavaScript": 71.11,
        "REST": 67.06,
        "SOAP": 67.06,
        "SQL": 73.91499999999999,
        "Spring": 77.965
    },
    "Yahya, Hossain": {
        "AWS": 100.0,
        "Hibernate": 89.25,
        "JSP": 94.87333333333333,
        "Java": 66.59666666666668,
        "JavaScript": 86.86,
        "REST": 74.12,
        "SOAP": 74.12,
        "SQL": 97.17,
        "Spring": 88.89
    },
    "Valcin, Hendy": {
        "AWS": 75.0,
        "Hibernate": 71.75,
        "JSP": 65.55666666666667,
        "Java": 60.666666666666664,
        "JavaScript": 62.18666666666667,
        "REST": 65.88,
        "SOAP": 65.88,
        "SQL": 65.66,
        "Spring": 83.89
    },
    "Guan, Kevin": {
        "AWS": 70.0,
        "Hibernate": 52.25,
        "JSP": 68.03333333333333,
        "Java": 73.40333333333332,
        "JavaScript": 74.34666666666666,
        "REST": 78.82,
        "SOAP": 78.82,
        "SQL": 67.31,
        "Spring": 83.705
    },
    "Itwaru, Sudish": {
        "AWS": 70.0,
        "Hibernate": 49.625,
        "JSP": 77.17999999999999,
        "Java": 60.833333333333336,
        "JavaScript": 68.94333333333333,
        "REST": 69.41,
        "SOAP": 69.41,
        "SQL": 91.03999999999999,
        "Spring": 89.815
    },
    "Ahmed, Sadat": {
        "AWS": 90.0,
        "Hibernate": 88.125,
        "JSP": 78.12,
        "Java": 48.06999999999999,
        "JavaScript": 84.41,
        "REST": 67.06,
        "SOAP": 67.06,
        "SQL": 77.925,
        "Spring": 88.89
    },
    "Lam, Kam": {
        "AWS": 100.0,
        "Hibernate": 72.375,
        "JSP": 62.13666666666666,
        "Java": 40.403333333333336,
        "JavaScript": 73.61666666666666,
        "REST": 77.65,
        "SOAP": 77.65,
        "SQL": 88.87,
        "Spring": 95.37
    },
    "Macancela, Karina": {
        "AWS": 78.22,
        "Hibernate": 75.54,
        "JDBC": 75.95,
        "JSP": 82.89666666666666,
        "Java": 71.33333333333333,
        "JavaScript": 77.37333333333333,
        "REST": 68.71,
        "SOAP": 68.71,
        "SQL": 90.14333333333333,
        "Spring": 86.23666666666666
    },
    "Lopez, Louis": {
        "AWS": 91.95333333333333,
        "Hibernate": 92.20666666666666,
        "JDBC": 80.0,
        "JSP": 94.53666666666668,
        "Java": 75.83333333333333,
        "JavaScript": 88.78666666666668,
        "REST": 88.71,
        "SOAP": 88.71,
        "SQL": 96.37666666666667,
        "Spring": 96.23666666666666
    },
    "Williams, Andrew": {
        "AWS": 62.699999999999996,
        "Hibernate": 75.54,
        "JDBC": 74.525,
        "JSP": 65.79333333333334,
        "Java": 49.903333333333336,
        "JavaScript": 55.96,
        "REST": 77.42,
        "SOAP": 77.42,
        "SQL": 76.52333333333333,
        "Spring": 89.14
    },
    "Cohen, Osher": {
        "AWS": 93.44666666666667,
        "Hibernate": 89.87,
        "JDBC": 88.57,
        "JSP": 82.29666666666667,
        "Java": 80.76333333333334,
        "JavaScript": 91.81666666666666,
        "REST": 87.1,
        "SOAP": 87.1,
        "SQL": 97.82666666666667,
        "Spring": 85.7
    },
    "Cantos, Bryan": {
        "AWS": 92.81666666666666,
        "Hibernate": 94.66000000000001,
        "JDBC": 82.62,
        "JSP": 89.50666666666666,
        "Java": 64.09666666666668,
        "JavaScript": 90.50666666666666,
        "REST": 89.46,
        "SOAP": 89.46,
        "SQL": 93.04333333333334,
        "Spring": 93.15333333333332
    },
    "Chen, Andrew": {
        "AWS": 86.14999999999999,
        "Hibernate": 88.73,
        "JDBC": 83.57,
        "JSP": 79.61666666666666,
        "Java": 75.38,
        "JavaScript": 80.40333333333334,
        "REST": 86.02,
        "SOAP": 86.02,
        "SQL": 96.37666666666667,
        "Spring": 92.00666666666666
    },
    "Siarheyeu, Ilya": {
        "AWS": 97.35666666666667,
        "Hibernate": 94.80666666666667,
        "JDBC": 71.55,
        "JSP": 104.48,
        "Java": 90.28666666666668,
        "JavaScript": 90.50666666666666,
        "REST": 82.26,
        "SOAP": 82.26,
        "SQL": 96.37666666666667,
        "Spring": 90.75333333333333
    },
    "Katz, Rikki": {
        "AWS": 87.58666666666666,
        "Hibernate": 90.91000000000001,
        "JDBC": 71.905,
        "JSP": 79.01666666666667,
        "Java": 66.23666666666666,
        "JavaScript": 82.62666666666667,
        "REST": 72.58,
        "SOAP": 72.58,
        "SQL": 81.74,
        "Spring": 90.86
    },
    "Chen, Yan": {
        "AWS": 88.96666666666665,
        "Hibernate": 82.49666666666667,
        "JDBC": 62.144999999999996,
        "JSP": 72.37666666666667,
        "Java": 76.88,
        "JavaScript": 71.21333333333332,
        "REST": 52.58,
        "SOAP": 52.58,
        "SQL": 85.36333333333334,
        "Spring": 84.19333333333333
    },
    "Nikolovski, Martino": {
        "AWS": 95.57333333333334,
        "Hibernate": 94.37333333333333,
        "JDBC": 81.19,
        "JSP": 63.99,
        "Java": 78.83333333333333,
        "JavaScript": 83.43333333333334,
        "REST": 76.88,
        "SOAP": 76.88,
        "SQL": 96.37666666666667,
        "Spring": 92.29333333333334
    },
    "Chang Fatt, Kyle": {
        "AWS": 90.28666666666668,
        "Hibernate": 83.81,
        "JDBC": 85.0,